<?xml version="1.0" encoding="utf-8"?>
<layer-list xmlns:android="http://schemas.android.com/apk/res/android"

    xmlns:app="http://schemas.android.com/apk/res-auto">
    <item>
        <shape android:shape="rectangle">
            <gradient
                android:angle="270"
                android:endColor="@color/purplr"
                android:startColor="@color/purplr" />

            <corners android:radius="8dp" />

            <padding
                android:bottom="2dp"
                android:left="2dp"
                android:right="2dp"
                android:top="2dp" />
        </shape>
    </item>
    <item>
        <shape android:shape="rectangle">
            <solid android:color="@color/white" />
            <corners android:radius="10dp" />
        </shape>
    </item>
</layer-list>
